,xf,vf,xb,vb
0.0,-2.80001093,0.0,-1.79805351,0.0
0.20002500312539068,-2.7894458995205853,0.09600361646630534,-1.7947105361087672,0.048301142096253864
0.40005000625078135,-2.7652216076628906,0.13869681735830586,-1.7757372905579365,0.1402748747686085
0.600075009376172,-2.736446491818625,0.14342382349230123,-1.7417006422549561,0.1881649582529782
0.8001000125015627,-2.7101854764361226,0.11279962861046865,-1.7054782991135466,0.16237659112870764
1.0001250156269534,-2.693982605696225,0.04267057064496297,-1.6806099948269555,0.07865639029429573
1.200150018752344,-2.6953839227325083,-0.0610209153872526,-1.6763345963256324,-0.040068316446700815
1.4001750218777347,-2.7193949126105688,-0.1795346653902374,-1.6976622001807493,-0.17402257865185736
1.6002000250031254,-2.7665501952476026,-0.2882420730377561,-1.7455003087635144,-0.3010456117105533
1.8002250281285161,-2.8324549584936003,-0.36335093059393786,-1.8159119920620619,-0.39539048223446965
2.000250031253907,-2.9083884231638697,-0.3859186617700828,-1.8999014336198852,-0.43341855233285
2.2002750343792976,-2.9825652124805506,-0.34468618779931726,-1.9845118602079876,-0.40003146747812884
2.400300037504688,-3.0419192819744465,-0.23843029901652726,-2.0549431314135793,-0.2922272268332725
2.6003250406300786,-3.0742547665772557,-0.07711965875926838,-2.097088761974743,-0.11990180635600607
2.8003500437554694,-3.070442724558932,0.1188473146750587,-2.1000336382224565,0.09525426839380963
3.00037504688086,-3.02626642475672,0.32134311726698,-2.0581632415475144,0.32253487672642367
3.200400050006251,-2.943571189422659,0.4986598279319451,-1.9725545309515697,0.5265790520209711
3.4004250531316416,-2.830495436347782,0.6204278419887166,-1.8513745957593457,0.6728079692234022
3.6004500562570323,-2.7007021362984656,0.6625652836837618,-1.709155503674625,0.7330641146901238
3.800475059382423,-2.571680612875467,0.6114996281645101,-1.5650005804443627,0.6905060989179529
4.000500062507814,-2.462335542422248,0.46696987303981563,-1.4399550871259768,0.542952100457463
4.2005250656332045,-2.3902015951546685,0.24290495493671968,-1.3539130021352976,0.30410339380032597
4.400550068758595,-2.368695799687313,-0.03384185742135923,-1.3225161550659568,0.0023807088945812516
4.600575071883986,-2.404831390500144,-0.32679651886363037,-1.3545211391345078,-0.32254555359261683
4.800600075009376,-2.4977635583037965,-0.5947846395328388,-1.4500574094139542,-0.6250962485194153
5.0006250781347665,-2.6384262468676787,-0.7977900596942014,-1.600081562534677,-0.8602601919287368
5.200650081260157,-2.81036523609193,-0.9029099715883031,-1.7871640639515773,-0.9902757900910896
5.400675084385548,-2.991698104166289,-0.8895232809998158,-1.9875501890445078,-0.9905276536426838
5.600700087510939,-3.157961666786957,-0.7528778798991125,-2.1742451905243274,-0.8537556266461354
5.8007250906363295,-3.2854678061525435,-0.5055116177269927,-2.320713506090658,-0.5918964846402974
6.00075009376172,-3.3547003295947344,-0.17622290017464684,-2.4046771734643824,-0.23520731468492778
6.200775096887111,-3.3532633679129096,0.19334299422080525,-2.411466787616214,0.17129221504784312
6.400800100012502,-3.277940417274245,0.5540767616346982,-2.3364254186601205,0.5736294889494542
6.600825103137892,-3.1355369993643243,0.8560452071551804,-2.1859868199537904,0.9161729639681379
6.800850106263283,-2.9423444218654793,1.055476254073718,-1.977228485757379,1.149408469410954
7.000875109388674,-2.7222541602970316,1.1211029997577378,-1.735912477704856,1.2371007588382548
7.200900112514065,-2.5037452335633827,1.0389479320738289,-1.493242889448362,1.1618045113677098
7.400925115639455,-2.3161328498031453,0.8148281392323182,-1.2817572808990416,0.9278997439143795
7.600950118764846,-2.1855812438555904,0.47416876160691235,-1.1309028227980824,0.5616594154096162
7.800975121890237,-2.131429755865039,0.05908309200580833,-1.0629062597818557,0.10826631011005303
8.001000125015628,-2.1633508499619847,-0.37693837209014946,-1.0895203115939713,-0.37387529264865205
8.201025128141017,-2.2797549661453975,-0.776044955978585,-1.2101201793116547,-0.8208003780274228
8.401050131266409,-2.46769294352296,-1.0838118754368136,-1.4114461057317222,-1.1715931844366019
8.601075134391799,-2.70430454908445,-1.2567334614879464,-1.6690656161959438,-1.3767718152126673
8.80110013751719,-2.959648885421102,-1.2683833722249216,-1.9503923787169333,-1.4052836420960872
9.00112514064258,-3.2005588189339,-1.113368725804437,-2.2188806046567513,-1.2491211453822255
9.201150143767972,-3.395014227964109,-0.8084959092814106,-2.438845141756925,-0.9248815517908204
9.401175146893362,-3.516448963747377,-0.39094143620795363,-2.580262069447281,-0.4720055928358702
9.601200150018752,-3.5474058629536045,0.08637011494815838,-2.6228968256415253,0.05211590703287306
9.801225153144143,-3.4820340376704486,0.5615931437596801,-2.5591888317204545,0.579546031638878
10.001250156269533,-3.3270727938016793,0.9720961751081179,-2.3954828177775918,1.040743260240016
10.201275159394925,-3.1011671981857782,1.2628190757111304,-2.1514164193057477,1.3738458634776358
10.401300162520315,-2.8325842560344303,1.3937243069595406,-1.8575212831113452,1.533045184190416
10.601325165645706,-2.5556156731032473,1.3453259628924121,-1.5513374509875257,1.4949054123391388
10.801350168771096,-2.3061333857676494,1.121531675989116,-1.2725447784440806,1.2617560514787218
11.001375171896488,-2.11688273293809,0.7493896748528687,-1.0577526065887355,0.8616727718137499
11.201400175021877,-2.013138688118897,0.2757482845970016,-0.9356406068378469,0.3450202926001164
11.401425178147269,-2.009307049778758,-0.23874870454715988,-0.9231021878869935,-0.22200528388901286
11.601450181272659,-2.106930274521037,-0.7275462872770557,-1.0229121677785884,-0.7659903182546227
11.80147518439805,-2.2943730506210187,-1.1269012149784012,-1.2232399039411384,-1.2159351873773079
12.00150018752344,-2.5482401983417677,-1.384285769187617,-1.4990843348285374,-1.5126235766842098
12.201525190648832,-2.8363491989505034,-1.4653530051054227,-1.8154516204651934,-1.6164802823104143
12.401550193774222,-3.1218722421511624,-1.3585332344493302,-2.1318633552160406,-1.5128671893382002
12.601575196899613,-3.368106297735258,-1.0766455451216275,-2.4076052851642755,-1.2141071946002142
12.801600200025003,-3.5432451601640524,-0.6553049188822048,-2.6070267991548297,-0.7579613698904679
13.001625203150393,-3.624526118011937,-0.1483314304019561,-2.704193654189372,-0.20275671704509235
13.201650206275785,-3.6012059259228635,0.379234075585459,-2.6862813537475643,0.38019299425490877
13.401675209401175,-3.475975090527031,0.8595867749461323,-2.555262883943502,0.9158722447311577
13.601700212526566,-3.2646253319619243,1.2309728316050264,-2.3276696807416934,1.3353293907470505
13.801725215651956,-2.994015054910629,1.4457037044230645,-2.032458737022864,1.584637210251562
14.001750218777348,-2.698600972449287,1.4763203621588872,-1.7072676028236686,1.6318733201896212
14.201775221902738,-2.415991251271927,1.3191059815235293,-1.3935498484923006,1.4712114784950299
14.40180022502813,-2.182101936503076,0.9944983367023152,-1.1312284348759063,1.1235997342744588
14.601825228153519,-2.026547719779474,0.5443629476277975,-0.9535646987450002,0.6339533753283896
14.80185023127891,-1.9688642357011306,0.026500221612720296,-0.882908802642867,0.06524897667097028
15.0018752344043,-2.0160471504766933,-0.4928803512225473,-0.9278784746858927,-0.5096903017736701
15.201900237529692,-2.161718607604323,-0.9477254264988143,-1.082322965321772,-1.0176315627943624
15.401925240655082,-2.387017765566413,-1.2806214399665803,-1.3261941377278395,-1.3943538316832942
15.601950243780474,-2.663087438060411,-1.450096529313237,-1.628197579952005,-1.5928305591251501
15.801975246905863,-2.9548231257634936,-1.4358053559876447,-1.9498667729657255,-1.5891227067327687
16.002000250031255,-3.2253903489631313,-1.2409470592326899,-2.2505221577302583,-1.3852418666702664
16.202025253156645,-3.4409220234617823,-0.8916333205284768,-2.4924680499370564,-1.0086453615193165
16.402050256282035,-3.574790814502247,-0.4333230833689958,-2.6457567164551903,-0.5084673992426034
16.602075259407425,-3.6109133935285525,0.0751809248067502,-2.6919128168769215,0.050987497774173524
16.802100262532818,-3.545674954045905,0.5693696722461937,-2.626153058928824,0.5986147281337248
17.002125265658208,-3.388245358349899,0.9872952931242875,-2.4578360135962463,1.065640662599602
17.202150268783598,-3.1592679233672833,1.2773982748467936,-2.2091082201970744,1.3943299312574617
17.402175271908987,-2.8881110273643693,1.4048976549290297,-1.9119450447631372,1.5451577276629374
17.60220027503438,-2.6090537623545274,1.355949031105473,-1.6039874466133117,1.5015522567905326
17.80222527815977,-2.356907220438737,1.1390759149561422,-1.3237235364239737,1.271640788129649
18.00225028128516,-2.1626365875168254,0.7837389949266467,-1.1056382699447393,0.8868282948093386
18.20227528441055,-2.049539098515089,0.3362774900505874,-0.97594760024516,0.39744766801950887
18.402300287535944,-2.030451856364561,-0.14621133085843194,-0.9494474379356691,-0.13390872733345546
18.602325290661334,-2.106323507911426,-0.603236214538226,-1.0278556466916757,-0.6404818819414453
18.802350293786724,-2.2663037506591803,-0.9785597619515183,-1.1998276858979942,-1.0598058350365354
19.002375296912113,-2.4893092403948995,-1.2271550934314808,-1.4426105114696524,-1.3414531347935172
19.202400300037503,-2.7468382245991854,-1.3206065108910643,-1.7250921673526516,-1.4531006328157732
19.402425303162897,-3.0066536611277725,-1.2503073349604998,-2.0118334816411743,-1.3841866455348992
19.602450306288286,-3.2368536599759974,-1.0281036029622124,-2.267553640277681,-1.1467546727465465
19.802475309413676,-3.409810833775025,-0.6843644953804582,-2.4614968779165407,-0.7734457888684825
20.002500312539066,-3.505491419211114,-0.2637867316282819,-2.5711366890527483,-0.3129644486891393
20.20252531566446,-3.513755366906043,0.18048214840971633,-2.5847711811455985,0.17634700038164286
20.40255031878985,-3.4353767562099993,0.5936207659331044,-2.5027141210602384,0.6339684279967123
20.60257532191524,-3.281691158259495,0.9259393244238457,-2.3369703510179276,1.0047341527139642
20.80260032504063,-3.072950443985501,1.1388637500370278,-2.1094767239121714,1.2454941632227243
21.002625328166022,-2.835624438407095,1.2093776121974724,-1.8491665698587214,1.3300993474971126
21.202650331291412,-2.5990125821208676,1.132416284309039,-1.588254434376899,1.2521409604079663
21.402675334416802,-2.3916033842269595,0.920980158986569,-1.3582226678791953,1.0251743006730987
21.602700337542192,-2.237636868002041,0.6040254179724607,-1.1860131438547754,0.6804793182912249
21.802725340667585,-2.154285470243816,0.22246562976350331,-1.0908856927790946,0.26271635238805213
22.002750343792975,-2.1497788106495497,-0.17615992948751716,-1.0823070727131088,-0.17591587127574873
22.202775346918365,-2.222670585422172,-0.5436501802667709,-1.1590948628524218,-0.5822489165037344
22.402800350043755,-2.3622987485119484,-0.8369851955361247,-1.3098784856639025,-0.9086077048590995
22.602825353169145,-2.5503423820360087,-1.0233385757832143,-1.514775944670855,-1.118380540404186
22.802850356294538,-2.763248274184136,-1.0836795157733787,-1.7480398679995564,-1.1900496962456177
23.002875359419928,-2.9752031130220487,-1.0145808631070143,-1.9813178102721745,-1.1192512343193597
23.202900362545318,-3.1612734820839057,-0.8280847285355952,-2.1871108684880687,-0.9186922155350159
23.402925365670708,-3.300330623252853,-0.5497200649160707,-2.3420073705950606,-0.6160223118446778
23.6029503687961,-3.3774184831456533,-0.21498714841041452,-2.4293129620192686,-0.25000178825601777
23.80297537192149,-3.3853046719726936,0.13520463727616988,-2.440787012698439,0.13450090727991731
24.00300037504688,-3.3250629349057723,0.45955519630175656,-2.3773150325385117,0.4920316488219545
24.20302537817227,-3.205657870648856,0.7212307642701514,-2.2484814932743284,0.7819111598410692
24.403050381297664,-3.042622371787478,0.8919910134708036,-2.0711398774962846,0.9728039415317682
24.603075384423054,-2.856021635947339,0.9551330017654645,-1.8671913949142311,1.0459923004948455
24.803100387548444,-2.667972300864429,0.9069617862673214,-1.6608669312126536,0.9970316378841524
25.003125390673834,-2.5000247993213387,0.7566872250189014,-1.4758511547485926,0.8356725872713208
25.203150393799227,-2.3707178134035614,0.5248362969166143,-1.3325892403387871,0.5841454532458618
25.403175396924617,-2.293578422404934,0.24043959093190592,-1.246078296886082,0.27408988479852425
25.603200400050007,-2.2757762196285864,-0.06262159987163018,-1.2243739368407123,-0.05744562649773633
25.803225403175396,-2.317553901413154,-0.34964596868142483,-1.2679480878450309,-0.3724263309169631
26.003250406300786,-2.412461842773892,-0.5890426508170511,-1.369929545894969,-0.6361493186993626
26.20327540942618,-2.5483317668421206,-0.7557232627888191,-1.5171569586146643,-0.8209743194998582
26.40330041255157,-2.70884486189147,-0.833605037172924,-1.6918860596576297,-0.9090811116309009
26.60332541567696,-2.875491495717292,-0.8169960533340911,-1.873928871236697,-0.8940014254137651
26.80335041880235,-3.029687511482558,-0.7107725232674993,-2.042967206770045,-0.7808264552345331
27.003375421927743,-3.15480816132868,-0.529397106485781,-2.180778534850627,-0.5851441513145647
27.203400425053132,-3.2379232344003874,-0.2949505897275391,-2.27313706719351,-0.3308960131483112
27.403425428178522,-3.2710614815977936,-0.03444445692092926,-2.311201921215512,-0.047447336551370733
27.603450431303912,-3.251892490923812,0.22325921085288788,-2.292270127269713,0.23377108920415451
27.803475434429306,-3.183782062620478,0.45057464035341455,-2.2198466271785744,0.48267138896841816
28.003500437554695,-3.0752450756625014,0.6240387503027928,-2.1030576552084135,0.6736099441434898
28.203525440680085,-2.938880644101464,0.7266005301527635,-1.9555001328211292,0.7878810725450198
28.403550443805475,-2.7899225791081794,0.7491518634514779,-1.7936720104424766,0.8153850757314756
28.60357544693087,-2.644569678511741,0.69118703242995,-1.6351624273233447,0.7553499753148754
28.80360045005626,-2.5182736932710217,0.5605706406149752,-1.496794635681479,0.6160870283684579
29.003625453181648,-2.4241579636186223,0.3724807685397919,-1.392908966319427,0.41385433289878903
29.203650456307038,-2.3717187947005662,0.14766772517681898,-1.3339501222433483,0.17098179392202986
29.403675459432428,-2.3659275444893764,-0.08977560216822623,-1.325486018398747,-0.08653016193189415
29.60370046255782,-2.406808596065831,-0.3149020915184251,-1.3677391426236767,-0.33169059936985984
29.80372546568321,-2.4895207827364483,-0.5044155642625743,-1.455660234667818,-0.5392173282315401
30.0037504688086,-2.6049219476704697,-0.6389601298269805,-1.5795228000334531,-0.6880066978520506
30.20377547193399,-2.7405525124897467,-0.7049882544072398,-1.7259702141777806,-0.7631548829590798
30.403800475059384,-2.881936506435047,-0.6960448725817546,-1.8794072956835524,-0.7573573837256418
30.603825478184774,-3.014071500029727,-0.6133583021940328,-2.023599432002566,-0.6715699914094276
30.803850481310164,-3.1229628599471817,-0.4656899138838791,-2.1433251226503804,-0.5148789299438652
31.003875484435554,-3.1970545499348564,-0.2684580870286947,-2.225924086201862,-0.3035945955570782
31.203900487560947,-3.2284182092945577,-0.042215158999868246,-2.262592680199243,-0.059649696454533885
31.403925490686337,-3.2135837075633917,0.18938698109105678,-2.2493005815869935,0.19155732308169432
31.603950493811727,-3.153926656027574,0.40195877705042876,-2.1872363316670054,0.423681234335134
31.803975496937117,-3.0555686653773,0.5728443672489584,-2.082731649000123,0.6120818827405049
32.00400050006251,-2.928791903526105,0.6834671582438937,-1.9466627645921355,0.73635943839735
32.2040255031879,-2.78701657424834,0.7213171309224006,-1.7933771599018775,0.7825243334763731
32.40405050631329,-2.6454343862297427,0.681371601448687,-1.6392419049680025,0.74457637184376
32.60407550943868,-2.5194285479831957,0.5667866167166612,-1.500950682821286,0.6253134825398599
32.80410051256407,-2.4229372508875877,0.38876043407149263,-1.3937561634206508,0.43625705242719215
33.00412551568946,-2.366929570697786,0.16554978974916423,-1.3298088863395385,0.19666416527426503
33.20415051881485,-2.358158070692848,-0.07929444407608661,-1.3167806798237276,-0.06831127544250412
33.404175521940246,-2.3983303064249317,-0.31931925351991075,-1.3569287963799959,-0.3301530644139906
33.604200525065636,-2.4838030447584423,-0.5279608368573124,-1.446717280882611,-0.5599743465621759
33.804225528191026,-2.6058514661353613,-0.6814506757219324,-1.5770577569937012,-0.7316641061454777
34.004250531316416,-2.751504976804721,-0.7615229360532364,-1.7341669718065282,-0.824851248519094
34.204275534441805,-2.9048787814945554,-0.7576144164787436,-1.9009707693383109,-0.8273496508314607
34.404300537567195,-3.0488718161679156,-0.6682878778255734,-2.0589198854620383,-0.7367862119522042
34.604325540692585,-3.1670546182571466,-0.5016831386033682,-2.1900303492895845,-0.5611898864363064
34.804350543817975,-3.2455413333154595,-0.2749010026728534,-2.2789271618266156,-0.3184263110124476
35.00437554694337,-3.274632667869874,-0.012343231113527819,-2.3146592916633733,-0.034489749372041585
35.20440055006876,-3.2500335414618364,0.2568457355599141,-2.2920697598745567,0.25920229819797125
35.40442555319415,-3.173489860404665,0.5019772390338332,-2.2125463838250865,0.5292420805529321
35.60445055631954,-3.0527497719558,0.6943110875914084,-2.0840431891378555,0.7440230911649822
35.80447555944493,-2.9008297722611784,0.8104453499588522,-1.9203431204970427,0.8774605022635753
36.00450056257032,-2.7346468616651856,0.8352001410314058,-1.7396206469145399,0.912199105897541
36.20452556569571,-2.5731551410469855,0.7636347424034093,-1.5624479403045497,0.841908406234436
36.4045505688211,-2.435189260804317,0.6019257324108039,-1.4094599922695417,0.6723563974391484
36.60457557194649,-2.3372595556750673,0.3669594492000031,-1.2989429249737572,0.4210875518707622
36.80460057507189,-2.2915583748416792,0.08464129890845337,-1.2446288128447072,0.11569204863865726
37.00462557819728,-2.304421019452925,-0.21292016487115545,-1.2539658687831687,-0.2091763872142817
37.20465058132267,-2.3754384862470297,-0.4910539882981768,-1.3270851696887875,-0.5157184562636326
37.40467558444806,-2.4973473296245943,-0.7165807438480539,-1.4566086815060595,-0.7674016954287336
37.60470058757345,-2.6567322843672803,-0.8618031836833742,-1.6283465213546129,-0.9333497290071455
37.80472559069884,-2.835480130293787,-0.9079487484739162,-1.8228252422409927,-0.9921756561406075
38.00475059382423,-3.012830450361778,-0.8476302959130659,-2.0174863401533285,-0.9347772332194036
38.20477559694962,-3.167792008520156,-0.685998089080611,-2.1893079421147172,-0.7657234741088005
38.404800600075006,-3.281642541892674,-0.4404066865843825,-2.3175440323765564,-0.5030238945880492
38.6048256032004,-3.3402119340932384,-0.13859771897799544,-2.38625275112388,-0.17626449787866755
38.80485060632579,-3.3356672930430875,0.18441798309564636,-2.3863022733007937,0.17670472335924411
39.00487560945118,-3.26757214963891,0.4904304053110515,-2.316598606828016,0.5141623259293883
39.20490061257657,-3.143075104146696,0.7425777442769192,-2.1843684647559427,0.7954766240308281
39.40492561570196,-2.97618634917623,0.9098257637472787,-2.0044421299617534,0.9860410261535214
39.60495061882735,-2.786211174910137,0.970829157135991,-1.7976025035509293,1.0615778001622502
39.80497562195274,-2.5955143128424583,0.9166887371306606,-1.588182521878331,1.0112686189614242
40.00500062507813,-2.426874567336725,0.7522439927654442,-1.4011891943570918,0.8393032809430435
40.20502562820353,-2.3007445968487543,0.4957140317268634,-1.2592962922202302,0.5646250938731442
40.40505063132892,-2.2327483057899746,0.17670028865354465,-1.1800704525277979,0.21887008181342915
40.60507563445431,-2.2317251735330013,-0.16723284524092769,-1.1737735144751,-0.1572792806674222
40.8051006375797,-2.2985690692816627,-0.49500360749130196,-1.2420191315045617,-0.5189047724482608
41.00512564070509,-2.4260155852037393,-0.7669550364434912,-1.377461297802372,-0.8222549185995931
41.20515064383048,-2.599417815258699,-0.9496940446057373,-1.5645683430574255,-1.0300838361204883
41.40517564695587,-2.7984296326064677,-1.0202311341806654,-1.7814032085583165,-1.1162685196618398
41.60520065008126,-2.9994028399810126,-0.9689021733326255,-2.0022058573930805,-1.0691261245307995
41.80522565320665,-3.1782141819283596,-0.8006970633004246,-2.200472128271236,-0.8930056050278384
42.005250656332045,-3.313181756572445,-0.5348121766487773,-2.3521582928531934,-0.6079360179837262
42.205275659457435,-3.3877152676491034,-0.2024607725047939,-2.4386205565752057,-0.2473516104806815
42.405300662582825,-3.3923732201969803,0.15680868927827513,-2.448926828949147,0.14584794983408567
42.605325665708214,-3.326069541489915,0.49984924321541074,-2.3812513631585435,0.5244349392352882
42.805350668833604,-3.196274239915418,0.7851353162545982,-2.2431729484553373,0.8425683767733171
43.005375671958994,-3.018174388811757,0.9778288907011059,-2.050829977972488,1.0613887330508656
43.205400675084384,-2.812889757816981,1.0540682767147802,-1.8270265429036148,1.1538034782144182
43.405425678209774,-2.6049538244743746,1.0039469676266568,-1.5985129503896875,1.107868983190362
43.60545068133517,-2.419362797768184,0.8328075384705199,-1.392767366336017,0.9283429930902835
43.80547568446056,-2.2785503664727274,0.5606809205250547,-1.234668841265965,0.6362049366780919
44.00550068758595,-2.1996571762412445,0.21992894499024676,-1.1434677358478804,0.2661908257964164
44.20552569071134,-2.192429949985209,-0.1486302506941873,-1.1304253567440439,-0.1373653487674792
44.40555069383673,-2.2580096877179976,-0.5006461845388693,-1.1974144253268355,-0.5258816232728336
44.60557569696212,-2.3887605198353574,-0.7936103725397518,-1.3366553936791576,-0.8524183228289668
44.80560070008751,-2.5691639501060113,-0.9920245605202841,-1.5316250973427137,-1.0773885814970696
45.0056257032129,-2.7776728635415107,-1.0717296893081232,-1.7590306840105263,-1.1733890023647173
45.20565070633829,-2.9893019847183795,-1.022863936546974,-1.9916110296924499,-1.1285567286379712
45.40567570946369,-3.1786408676751354,-0.8510856411890849,-2.201425972334806,-0.9480393112333084
45.605700712589076,-3.3229234058689774,-0.5769092799424179,-2.3632335176176893,-0.6533949246518367
45.805725715714466,-3.404780513932866,-0.23323398314755775,-2.457543929345357,-0.27999442349466575
46.005750718839856,-3.414341061140701,0.13863444644940165,-2.4729788125933547,0.12725819599894977
46.205775721965246,-3.3504256601462763,0.49398258192071276,-2.4076481665949134,0.5193642550324388
46.405800725090636,-3.2206885731370787,0.7900996358009386,-2.2693782842559074,0.8491637179697802
46.605825728216026,-3.0406912656284257,0.9914395935203634,-2.074763631890895,1.0770396246185205
46.805850731341415,-2.832021223929332,1.0739074189518543,-1.8471591723505156,1.1756992192478244
47.00587573446681,-2.619685586973696,1.0277500090464673,-1.613858383384225,1.1334519002431378
47.2059007375922,-2.429096718460023,0.8587042285781714,-1.4028006682100198,0.9555892818478986
47.40592574071759,-2.2830155402844317,0.5872678795082935,-1.2392081125594472,0.6637054347972657
47.60595074384298,-2.1988223950912245,0.24618858488042916,-1.1425588227318038,0.29304708478798513
47.80597574696837,-2.1864441119260274,-0.12351810544518654,-1.1242616990978984,-0.11177704238126651
48.00600075009376,-2.247185103681061,-0.4775328442965516,-1.1863109420441658,-0.5022005727660261
48.20602575321915,-2.3735998199294497,-0.7735736022927365,-1.321078678561096,-0.8315578314562166
48.40605075634454,-2.5504172089909662,-0.9764662057925741,-1.5122655012069484,-1.0606851326281432
48.60607575946993,-2.7564007377099307,-1.0623335210599774,-1.7368886592203614,-1.1625895796702528
48.80610076259533,-2.9669152572433997,-1.0214031826497512,-1.9680629949655015,-1.1256273735772802
49.00612576572072,-3.1568881920655683,-0.8591041990323884,-2.1782356013414264,-0.9548178326726701
49.20615076884611,-3.303807044878808,-0.5953320077050861,-2.3424826951357445,-0.6711476130977144
49.4061757719715,-3.3903933528792582,-0.261983354044458,-2.441472495470439,-0.30896331259794485
49.60620077509689,-3.4066347321133033,0.10092990193868887,-2.4637409844662597,0.08821957131486148
49.80622577822228,-3.350936120105572,0.45011055306487857,-2.4070126858838465,0.4729754567815939
50.00625078134767,-3.2302589529910253,0.7441626302263495,-2.2784154665627545,0.7996555068883016
50.20627578447306,-3.059239309587426,0.9485107204406501,-2.0935721794184414,1.0298173834732547
50.406300787598454,-2.858398344071834,1.0394659438417833,-1.874686639465862,1.1367503229152278
50.606325790723844,-2.6516658284579893,1.0069605667485901,-1.6478606569445706,1.1085629129593757
50.806350793849234,-2.46351760858937,0.8556374955267392,-1.4399685090128145,0.949478656510045
51.00637579697462,-2.3160709174157126,0.6041807522819934,-1.2754648418663175,0.6792024720984796
51.20640080010001,-2.2264831545202743,0.28298416654164515,-1.1735062029789238,0.3304531245280142
51.4064258032254,-2.2049601419024363,-0.06954747999044907,-1.1457251620738267,-0.055025735523812805
51.60645080635079,-2.253604263118198,-0.41161127813862325,-1.1949148097464086,-0.4314857564049605
51.80647580947618,-2.3662307888221727,-0.7029761439680048,-1.3147705591630732,-0.7546183833759345
52.00650081260157,-2.5291645861661647,-0.9097173376001794,-1.4907092179957793,-0.986773756147012
52.20652581572697,-2.722913182834995,-1.0081581693329156,-1.7016574446144805,-1.1013389628731152
52.40655081885236,-2.9245097837117,-0.9875623195942644,-1.9225883469913583,-1.085767982103559
52.60657582197775,-3.110243113578315,-0.851273647822356,-2.1274992024292874,-0.9429216272431671
52.80660082510314,-3.2584486503723906,-0.6161873963080574,-2.292474887656903,-0.690579729072144
53.00662582822853,-3.352032427264111,-0.31063492966133577,-2.3984757855490777,-0.35920520703725406
53.20665083135392,-3.380433968345815,0.029050416667153488,-2.4335257570077995,0.011755776473387044
53.40667583447931,-3.3408043195940436,0.3628674420002875,-2.394050225804433,0.3785852058140981
53.6067008376047,-3.238269842619652,0.6518623566473725,-2.285217154264077,0.6984513666464922
53.806725840730095,-3.085261138590083,0.8626688839997915,-2.1202523900249295,0.9344045005748084
54.006750843855485,-2.899995941376013,0.9713450438116327,-1.91882107938406,1.0596283234466615
54.206775846980875,-2.704302495534999,0.9660678623004024,-1.7046747521932712,1.060460853958925
54.406800850106265,-2.5210444745000604,0.8483864473540831,-1.5028467473575298,0.9378483629018144
54.606825853231655,-2.3714516020041585,0.6329058677542598,-1.3367276132107841,0.7070834884326106
54.806850856357045,-2.272667250165752,0.3454582935246374,-1.2253617816106248,0.395879996561987
55.006875859482435,-2.235795215871582,0.019992525577412865,-1.1812767708722662,0.041028879197227086
55.206900862607824,-2.2646664736176225,-0.3054417431236217,-1.2090904446286683,-0.31595867309266246
55.406925865733214,-2.3554606005050793,-0.593139197152172,-1.3050486416608942,-0.6337045463068751
55.60695086885861,-2.497216129445371,-0.8100950045695813,-1.457536036668466,-0.8757464270171629
55.806975871984,-2.6731610890319537,-0.9317704578276772,-1.6484902473934413,-1.014699268981107
56.00700087510939,-2.862701263296079,-0.944841682810367,-1.8555459404380046,-1.0353240316098653
56.20702587823478,-3.043830009805866,-0.848627573942472,-2.0546538654341022,-0.9361643132916213
56.40705088136017,-3.195677851437597,-0.6550487082155401,-2.2228682981661065,-0.7295804425333625
56.60707588448556,-3.300907331177526,-0.38713917199037207,-2.3409807466485075,-0.4401963839072902
56.80710088761095,-3.3476797979047497,-0.07629856793159204,-2.395699253294359,-0.10195622918376906
57.00712589073634,-3.330972928135497,0.24138712131647075,-2.3811281708041268,0.2458568644377492
57.20715089386174,-3.2531045195676827,0.5293250260341787,-2.299386089023405,0.5631726333116904
57.40717589698713,-3.1234102906526675,0.7546127391266967,-2.1602997798008023,0.8137307793190058
57.60720090011252,-2.9571205645354084,0.8917747672466221,-1.9802181631620854,0.9691987087343821
57.80722590323791,-2.7735714773632645,0.9256172808022916,-1.7800899996794692,1.0123462261129117
58.007250906363296,-2.593960760764024,0.8528851469106473,-1.583031327622949,0.9389258042365224
58.207275909488686,-2.4389078856453215,0.6825443953958575,-1.4116643890491418,0.7580576005137135
58.407300912614076,-2.3260981337902624,0.43467082420534886,-1.2855330055654974,0.4910898397620473
58.607325915739466,-2.2682780842329366,0.13808320761139217,-1.2188878222729085,0.16907773223688605
58.807350918864856,-2.27182784212744,-0.17299991580852248,-1.2190903081269686,-0.17082133478533665
59.00737592199025,-2.336068105232715,-0.46289323948081995,-1.2858121885716296,-0.4896191645304835
59.20740092511564,-2.4533756847618178,-0.6985177229942428,-1.4111155098199324,-0.7509461828718
59.40742592824103,-2.610089074587203,-0.8531518880437345,-1.5803983030131483,-0.9251745996964151
59.60745093136642,-2.788096444184143,-0.9094393993088645,-1.774093100981787,-0.9927517075808309
59.80747593449181,-2.9669219641724554,-0.8613177702005728,-1.9699212486601876,-0.946372086627122
60.0075009376172,-3.1260712157970905,-0.7146566800094746,-2.1454444675907207,-0.791750603958301
60.20752594074259,-3.2473685257616576,-0.48654082121211784,-2.2806231001441155,-0.5469168474105933
60.40755094386798,-3.3170213446289196,-0.20328491274533342,-2.3600912451195146,-0.24011813240691662
60.60757594699338,-3.3271788647451,0.10258934816424635,-2.3748923632243732,0.09342590218914057
60.80760095011877,-3.27681014022788,0.3960690811278569,-2.323480901320466,0.4155463836112168
61.00762595324416,-3.1718044402962446,0.6436369605338467,-2.211879024130146,0.6894694651707227
61.20765095636955,-3.0242846368319163,0.8170780723465434,-2.0529731642546074,0.883990800112889
61.40767595949494,-2.8512133533667803,0.8966775899981083,-1.8650322349886337,0.9770098239082627
61.60770096262033,-2.6724512164937737,0.8734494404884092,-1.6696168980755914,0.9580264774694607
61.80772596574572,-2.508488167937788,0.7501457253182988,-1.489117699959878,0.8293202951108195
62.00775096887111,-2.378105448195421,0.5409340727054225,-1.3442014587164657,0.6056801698572282
62.2077759719965,-2.296233491884191,0.2697801807487531,-1.2514554039180443,0.3127162573622025
62.407800975121894,-2.272248728544649,-0.03228146745550957,-1.221496111838741,-0.016055105500072515
62.607825978247284,-2.3089026869206783,-0.3306803444919142,-1.2577577939372686,-0.34302435762912764
62.807850981372674,-2.40200535406496,-0.5912467957570617,-1.3560977966216934,-0.6307689627012456
63.007875984498064,-2.5408994278999977,-0.7841076656899293,-1.50526481643602,-0.8463170590264458
63.207900987623454,-2.709672553018392,-0.8870989715930263,-1.6881777398562416,-0.9649115535943074
63.40792599074884,-2.8889708385594752,-0.8883074331917304,-1.8838710605360167,-0.9728468798780047
63.60795099387423,-3.0582083761262555,-0.7874501222662339,-2.069886868510695,-0.8690542281977868
63.80797599699962,-3.1979219608193037,-0.5959321061717454,-2.224842136028127,-0.6652515697430645
64.00800100012502,-3.292002944227064,-0.33557121250111954,-2.3308792654809585,-0.3846366467997621
64.20802600325041,-3.3295511848474457,-0.03613022460055488,-2.3757200908029064,-0.05926619383835781
64.4080510063758,-3.306138157382436,0.2680669847162762,-2.354087598026584,0.2735854549765913
64.60807600950119,-3.2243327545576093,0.5420533839746243,-2.268330666275552,0.5756778084627596
64.80810101262658,-3.093426808611289,0.7542259417005736,-2.128177281182666,0.812183500485254
65.00812601575197,-2.9283884420693482,0.8799844883137277,-1.9496407696487432,0.9556958453471527
65.20815101887736,-2.7481598482904297,0.9045841241384247,-1.7532005869246772,0.9894045143437414
65.40817602200275,-2.5734916962092798,0.8248702933614757,-1.5614627718906067,0.9090712663492291
65.60820102512814,-2.4245605218607666,0.6496913641315056,-1.3965659514334483,0.723572466009651
65.80822602825353,-2.3186417727748934,0.3989336208367116,-1.2776295072402442,0.45393755774274636
66.00825103137892,-2.2681063855727714,0.10128130211247466,-1.2185374692020898,0.13098470423717873
66.20827603450431,-2.2789732182202416,-0.2090486528819503,-1.2263149538275853,-0.20818355794404175
66.4083010376297,-2.350187166277726,-0.4962277579568038,-1.3002874725051956,-0.5244287814940314
66.6083260407551,-2.4737103009047297,-0.7269453960902439,-1.4321245492754446,-0.7810846852571482
66.80835104388049,-2.6354201631271406,-0.8742714949051401,-1.6067678023862866,-0.9482066935456039
67.00837604700588,-2.8167161785769115,-0.9208046164041409,-1.804141622062704,-1.0060705610370129
67.20840105013127,-2.996652664059468,-0.8607366527226703,-2.001453465265943,-0.9475104711501626
67.40842605325666,-3.1543547317353466,-0.7005877510321598,-2.1758212348100616,-0.7788179177246378
67.60845105638205,-3.271438977164567,-0.4585171154795712,-2.306925507912122,-0.5190870346836829
67.80847605950744,-3.3341583530503485,-0.16227963106400303,-2.3793793498930436,-0.19807112494146117
68.00850106263283,-3.335020634177117,0.15394408407566887,-2.3845389704874207,0.14721163217103342
68.20852606575822,-3.2736892659856256,0.4534838619341812,-2.3215414310261595,0.47673803161188427
68.40855106888361,-3.157057431948444,0.7014301648393964,-2.197443878939298,0.7521162742554517
68.608576072009,-2.998481582848778,0.8687058839033551,-2.0264423891703736,0.9410621900406239
68.80860107513439,-2.8162584028922835,0.9354842290521784,-1.8282554516293508,1.021192737409381
69.00862607825978,-2.631517984079605,0.8935497509709569,-1.6258551467883255,0.9826897211403214
69.20865108138517,-2.465775208104623,0.7473197231510019,-1.4428063676520704,0.8295149407294743
69.40867608451056,-2.338422908820916,0.5133974491703949,-1.3005220481474964,0.5790247133762413
69.60870108763595,-2.2644591390788458,0.2186996565930291,-1.2157543386132097,0.2600176059624377
69.80872609076134,-2.2527154532156692,-0.10263256518566265,-1.198616279246181,-0.09056703680958991
70.00875109388674,-2.304796299771256,-0.41318592846686536,-1.2513684844531758,-0.43192263150899834
70.20877609701213,-2.41485776434772,-0.6766330688180228,-1.3681173784233807,-0.7241270056801887
70.40880110013752,-2.570256430647512,-0.8619885685868593,-1.535465724983221,-0.9328184656924509
70.60882610326291,-2.752997298137908,-0.9472632391250931,-1.7340447855864791,-1.0332474742447708
70.8088511063883,-2.941815580185953,-0.9220842318105058,-1.9407536220006423,-1.0132245837473182
71.0088761095137,-3.1146517923031993,-0.7889671118066104,-2.131446951665704,-0.8746116345870827
71.20890111263908,-3.2512319035261443,-0.5630824799138023,-2.2837586820914257,-0.6331721797940083
71.40892611576447,-3.3354503052546995,-0.2705358450620675,-2.37973044418074,-0.31678897816563284
71.60895111888986,-3.3572748019493943,0.054645452182438936,-2.4079354342414656,0.03775132290104878
71.80897612201525,-3.3139474390412875,0.37447100421743573,-2.3648454325312342,0.38903615394206487
72.00900112514064,-3.210336629308597,0.6514309791398053,-2.2552765541783333,0.6958699208723217
72.20902612826603,-3.0583951538617993,0.8529040585824202,-2.09185684123641,0.9221146099928658
72.40905113139142,-2.8757836611131022,0.9550103864729539,-1.893573707021886,1.0409578981167698
72.60907613451681,-2.6838178578533474,0.9454528622187347,-1.6835679248405548,1.0381029131861534
72.8091011376422,-2.50497808014093,0.8250071968888995,-1.4864305242396616,0.9134984674633835
73.00912614076759,-2.3602725707734162,0.6074789317654077,-1.3253187272839007,0.6813989437511917
73.20915114389298,-2.2667643445337817,0.31812581452334127,-1.2192298504632515,0.36873932259367764
73.40917614701839,-2.23555357916628,-0.009274851321089073,-1.1807549737444658,0.012009796007647636
73.60920115014378,-2.270454888991231,-0.3363732493051033,-1.2145788746100559,-0.34700728110834084
73.80922615326917,-2.3675278089638225,-0.6247466329626516,-1.3169057416002483,-0.6661394024791949
74.00925115639455,-2.5155187067868887,-0.8404223767968516,-1.4758815723133822,-0.9077885239104131
74.20927615951994,-2.6971649842652874,-0.9578906073681481,-1.672966761098771,-1.0433722368840148
74.40930116264533,-2.89121041585797,-0.9631309975424308,-1.8850999589837791,-1.0567152524565333
74.60932616577072,-3.0748960770359184,-0.8552932606909571,-2.087400372001881,-0.9459872742363966
74.80935116889611,-3.2266344224362293,-0.6468289451662971,-2.256091258330489,-0.7239539772714494
75.0093761720215,-3.3285516097625503,-0.36205473263291843,-2.3713003257007284,-0.4165067164466249
75.2094011751469,-3.3685979136035935,-0.03431296036803401,-2.419406361534763,-0.059640204336955036
75.40942617827228,-3.341976350824338,0.2979385799945106,-2.394654208100202,0.304768535396154
75.60945118139767,-3.251719575433241,0.5956480368849925,-2.2998459642253413,0.6338838920487683
75.80947618452306,-3.1083453844427065,0.8237692134221608,-2.146025066693837,0.8889577165152168
76.00950118764845,-2.9286298633940997,0.955396444158209,-1.9511887224865552,1.0399017249189013
76.20952619077384,-2.7336414841530035,0.9749454940981201,-1.7381790228182614,1.0688452429114346
76.40955119389923,-2.546266971230761,0.8800033464346738,-1.5320003354057958,0.972256388115018
76.60957619702462,-2.3885201275010766,0.6816267441094299,-1.3568787379559595,0.7613742422589648
76.80960120015001,-2.27895075556624,0.40305249172706686,-1.2334100792476408,0.4608990125226738
77.00962620327542,-2.2304593214101636,0.07697032393773548,-1.1761331577474012,0.106093216243383
77.2096512064008,-2.248775395845267,-0.25832081423330516,-1.1918146327398653,-0.261365057902225
77.4096762095262,-2.331779667605926,-0.5634199348253053,-1.2786483780550266,-0.5982878589664553
77.60970121265159,-2.4697498782238845,-0.8024629483337645,-1.4264641665056932,-0.8650632309373665
77.80972621577698,-2.646501995745334,-0.9473459550680197,-1.6179214313080112,-1.030320896217498
78.00975121890237,-2.841292322629817,-0.9810344838982071,-1.830547598239175,-1.074626999712842
78.20977622202776,-3.0312564023358886,-0.899568366666478,-2.039380748588893,-0.9927719984881573
78.40980122515315,-3.194097354283363,-0.7125260371687828,-2.2199051587928413,-0.7943820445542279
78.60982622827854,-3.3107069035175383,-0.44189404673057225,-2.350933768853349,-0.5027823335963666
78.80985123140393,-3.3674104365746556,-0.11947588280085294,-2.417098032006756,-0.15224734894312475
79.00987623452932,-3.357571937364193,0.21685350957212196,-2.4106521156042424,0.21603671248572165
79.2099012376547,-3.2823702780170922,0.5276052532829106,-2.332379453695385,0.5588204248710777
79.4099262407801,-3.1506561145059533,0.776320315491262,-2.1914956038556275,0.8358784285112342
79.60995124390548,-2.977907053521563,0.933852398406714,-2.0045597563061976,1.0147359523869257
79.80997624703087,-2.784404911189188,0.98178611970473,-1.793523984737458,1.0744783772520439
80.01000125015626,-2.592850295331165,0.9145893026110234,-1.5831506837420681,1.008196573525269
80.21002625328165,-2.4256956678329242,0.7402479098640019,-1.39810269020059,0.8237821685204063
80.41005125640706,-2.3025107580303596,0.4793113628502468,-1.2600486572082663,0.5429818577540795
80.61007625953245,-2.237689857252,0.16246318535998897,-1.1851238597951246,0.19882497187310644
80.81010126265784,-2.2387697885024496,-0.17309477673275103,-1.1820442098005304,-0.16827023871670777
81.01012626578323,-2.305555107952493,-0.4880173877755696,-1.25109394420659,-0.5152513713676553
81.21015126890862,-2.4301517989791015,-0.7454349621072747,-1.3841042676739255,-0.8014871809298829
81.41017627203401,-2.597903848485027,-0.9152728002103186,-1.5654236163358013,-0.993529005416467
81.6102012751594,-2.78912106958312,-0.9777650849785394,-1.7737637268532938,-1.0690198901660806
81.81022627828479,-2.9813939356314494,-0.9257525566915025,-1.9847031687568157,-1.0192945036830614
82.01025128141018,-3.152222743125269,-0.7654973636130604,-2.1735533074445716,-0.8503680174687279
82.21027628453557,-3.281652263629984,-0.5159231471945248,-2.3182499325322246,-0.5822019721638911
82.41030128766096,-3.354603143191397,-0.2063734292657063,-2.401931601649999,-0.246337650591954
82.61032629078635,-3.362627632214151,0.12684516822850533,-2.4149033498136405,0.11782134324670306
82.81035129391174,-3.304885423698755,0.4447266727346012,-2.3557572799387647,0.46763806841027017
83.01037629703713,-3.1882272463603636,0.7101350416185567,-2.2315209142971435,0.7622381816354998
83.21040130016252,-3.0263786165619284,0.8921432717173261,-2.0568183763451495,0.9672869123256399
83.4104263032879,-2.838321506295631,0.9696352702103896,-1.8521450836396642,1.0589886893655192
83.6104513064133,-2.646065230073678,0.9337513418417885,-1.6414600496004317,1.0268438641578164
83.8104763095387,-2.472068709480077,0.7888947545978465,-1.4493790793197883,0.8748439006617795
84.01050131266409,-2.336616270889037,0.5521859561693111,-1.2982979682152638,0.6209700041482608
84.21052631578948,-2.2554536698188263,0.25143288110098716,-1.2057820009346174,0.2950589891512648
84.41055131891487,-2.2379597050231164,-0.0781411571350418,-1.182525892808797,-0.06470934770600839
84.61057632204026,-2.2860654162056764,-0.3980262363137088,-1.231120765448895,-0.4162889853025242
84.81060132516565,-2.3940449953319294,-0.670926832905146,-1.3457698518545096,-0.7186831082336975
85.01062632829104,-2.549200391916008,-0.8651088425805674,-1.5129834157997073,-0.936723374286531
85.21065133141643,-2.733357340505602,-0.9580861869348594,-1.713169114117813,-1.0451561194494603
85.41067633454182,-2.9249961647001945,-0.9392192982626258,-1.9229298648369455,-1.0315613438932947
85.61070133766721,-3.1017672847259523,-0.8109259601790407,-2.117799427637803,-0.897767919315197
85.8107263407926,-3.2430972666217106,-0.5883677572025289,-2.2750957117942208,-0.6596049275788974
86.01075134391799,-3.332581639844835,-0.2976532439944163,-2.376559155070499,-0.3450232247149322
86.21077634704338,-3.3598864358374794,0.02722851767047379,-2.410469549249959,0.009189063423585768
86.41080135016877,-3.3219383991978693,0.3483834141177748,-2.3729963167852755,0.3617105955333798
86.61082635329416,-3.2232672837155416,0.6284315319344262,-2.2686272229461646,0.6715066011837861
86.81085135641955,-3.0754626390726405,0.8348550011546416,-2.1096281287004714,0.9026023816745056
87.01087635954494,-2.895810568059318,0.9437691535200093,-1.9145991952988635,1.0282557100764083
87.21090136267034,-2.705271083509265,0.9426803406619884,-1.7062978027489581,1.0340449711905164
87.41092636579573,-2.52603286152028,0.8319128614301233,-1.508983155014756,0.9195174044163367
87.61095136892112,-2.378930603687495,0.6245429392252835,-1.345592359871377,0.6982100948595122
87.81097637204651,-2.2810254160674472,0.34485144097960885,-1.2350764941676065,0.39604577211058595
88.0110013751719,-2.2436288733617262,0.025478945108044028,-1.190205682014652,0.04829411430933148
88.21102637829729,-2.270999186662003,-0.2963832811282827,-1.2160969306716276,-0.30454496993986624
88.41105138142268,-2.3598593086771382,-0.5833219748224587,-1.3096339310838052,-0.6214556392862782
88.61107638454807,-2.4997911048886965,-0.8020467827840045,-1.459844152642217,-0.8656696236720275
88.81110138767346,-2.6744579078107455,-0.9272473945138483,-1.6491873017105396,-1.0089263683410998
89.01112639079885,-2.8635118619058892,-0.9445167788242259,-1.8556036936701457,-1.0347370798711273
89.21115139392424,-3.0449633786896606,-0.8520037350041573,-2.055083324581428,-0.9402766145920849
89.41117639704963,-3.1977369470685484,-0.6606059127669046,-2.224456620495182,-0.7366869409591292
89.61120140017502,-3.304116518572207,-0.3926840551285142,-2.344082789858758,-0.4477604995987366
89.81122640330041,-3.351797115886491,-0.0794493923348517,-2.400124278736746,-0.10715931848564879
90.0112514064258,-3.3353054874165506,0.24267055629101514,-2.3861443988222955,0.24550506231296151
90.21127640955119,-3.2566261501416434,0.5362648984422325,-2.3038440819182253,0.5692746527370646
90.41130141267658,-3.124961555054501,0.7672796348241763,-2.1628538189748014,0.826596709092054
90.61132641580198,-2.9556554755190785,0.9089624460848813,-1.9796063575324658,0.987673590429546
90.81135141892737,-2.76840559194515,0.9449557779056281,-1.775422144686322,1.0339077427543863
91.01137642205276,-2.584973377902592,0.8711812980174368,-1.5740304602743438,0.9600443108384555
91.21140142517815,-2.4266573044148037,0.6962992212764739,-1.398814191002748,0.7747652043067975
91.41142642830354,-2.311822410446828,0.4406911450069789,-1.2700977739861201,0.4996678878300483
91.61145143142893,-2.253772422984385,0.13408588886715908,-1.2027924596526807,0.16674905997833375
91.81147643455432,-2.2592106154101637,-0.18789528529248894,-1.2046713027758917,-0.1853137875087493
92.01150143767971,-2.327467169152015,-0.4878730432316314,-1.2754730954124964,-0.5156512861129691
92.2115264408051,-2.450581899733822,-0.7310447079284401,-1.4069383123687724,-0.7859412879681892
92.41155144393049,-2.6142321339608943,-0.8892173418732491,-1.5837721971757703,-0.9648493653219253
92.61157644705588,-2.79939763586446,-0.9440724792974629,-1.785422743868553,-1.0316569296842657
92.81160145018127,-2.9845692612015178,-0.8892850085516817,-1.9884671238765743,-0.978657513917213
93.01162645330666,-3.148245166051176,-0.7312514855195599,-2.169329782310344,-0.8120444958787504
93.21165145643205,-3.2714252143157463,-0.4883440825502612,-2.3070171605619936,-0.5511880979488457
93.41167645955744,-3.339814546645858,-0.1887771062673748,-2.385552199707521,-0.22638598733757964
93.61170146268283,-3.3454810417387533,0.13266656818649464,-2.3958266424787986,0.12465174554476577
93.81172646580822,-3.287774692011902,0.43866986625719495,-2.336656619418728,0.46117602111597367
94.01175146893362,-3.1734023831886558,0.6937093818475238,-2.2149192491034113,0.7441241110864337
94.21177647205901,-3.0156494602167045,0.868175431365562,-2.0447544815685643,0.9406496156424141
94.4118014751844,-2.83283824021058,0.941807000471823,-1.8459246161324006,1.0279323821420583
94.6118264783098,-2.646202069722139,0.9060434622720457,-1.641521532055152,0.9958268599921345
94.81185148143518,-2.4774212927968993,0.7650202332127447,-1.455287290940371,0.8480417056271293
95.01187648456057,-2.3461067554439534,0.5350925133250081,-1.3088586546860153,0.6017134430141735
95.21190148768596,-2.267522651293406,0.24294163805514646,-1.219254987514355,0.28542284418101604
95.41192649081135,-2.250812935862134,-0.07751719885416967,-1.1969009863282078,-0.06411690011024368
95.61195149393674,-2.2979372922487875,-0.3890680177407264,-1.244413840702118,-0.4063170707954059
95.81197649706213,-2.4034404795708117,-0.6555124045427744,-1.3562959372708532,-0.7014224521779463
96.01200150018752,-2.5550823419628026,-0.8458725984138378,-1.519569329361731,-0.9151267783150646
96.21202650331291,-2.7352559675451604,-0.9379916396172682,-1.7152790205541248,-1.0225591665535163
96.4120515064383,-2.9230299469212158,-0.9211123691804998,-1.920691219462964,-1.0111785353882743
96.61207650956369,-3.096578154803556,-0.7971350625500548,-2.1119319749785723,-0.8822391414191042
96.81210151268908,-3.2357152726976657,-0.5804064403908409,-2.2667602443805155,-0.650655734521744
97.01212651581447,-3.3242436960809223,-0.29606297536869886,-2.3671535121188527,-0.3432822329902706
97.21215151893986,-3.351839068790172,0.02288066486244157,-2.401405502172655,0.004197941768022253
97.41217652206527,-3.3152549547719747,0.3393613786134566,-2.365491832636605,0.3514104293466056
97.61220152519066,-3.218705989937709,0.6165718359396821,-2.263544197232157,0.6579779676481039
97.81222652831605,-3.0733840775016015,0.8222396467985016,-2.1073769648881933,0.8882139842611912
98.01225153144144,-2.8961629424405873,0.9323842075929593,-1.915120191425899,1.0152763844261856
98.21227653456683,-2.7076406874241146,0.9341139131669802,-1.7091168726124302,1.0242980900885277
98.41230153769222,-2.52974716776541,0.8271372671655663,-1.513328027972736,0.9141290245952054
98.6123265408176,-2.383193908538498,0.6238104001372651,-1.3505467619358265,0.6974850361806335
98.812351543943,-2.285062978324151,0.34771346259790076,-1.2397450842152784,0.3994842074842181
99.01237654706838,-2.246815476846481,0.03091936833708582,-1.193862282785659,0.05473842292949836
99.21240155019377,-2.2729519041687127,-0.28972924616829177,-1.218292756767237,-0.2966635929417628
99.41242655331916,-2.3604811545040114,-0.5769030352659548,-1.3102502053729665,-0.6138159822215861
99.61245155644455,-2.499260990000488,-0.7971312566308553,-1.4590833380297712,-0.8597568567535943
99.81247655956994,-2.6731715147729975,-0.9247036350434567,-1.647507645436867,-1.005776731886976
100.01250156269533,-2.8619861391714814,-0.9446737572582383,-1.853611079496894,-1.0347719165436173
100.21252656582072,-3.0437230611752293,-0.8546128739238232,-2.053401112088187,-0.9432508677525586
100.41255156894611,-3.197204027485545,-0.6649079242283216,-2.2235972626287692,-0.7417577176745912
100.6125765720715,-3.304522573071369,-0.3975668524466594,-2.3443441271758543,-0.4536611723028551
100.81260157519691,-3.353134008781092,-0.08366811591165987,-2.4015286735630976,-0.11244731276764595
101.0126265783223,-3.337323096249585,0.24025036683404571,-2.388431219834135,0.2421704537278384
101.21265158144769,-3.258877501806205,0.5364435295529069,-2.3065167438936642,0.5688727072321487
101.41267658457308,-3.126887462625027,0.7703579316263864,-2.1652731045182168,0.8295489332902393
101.61270158769847,-2.956693821314041,0.9146642535879018,-1.981113694862754,0.9937448585714753
101.81272659082386,-2.7681060063304934,0.95245268096267,-1.7754712604830445,1.0422229697529035
102.01275159394925,-2.5830967999089145,0.8792172149336432,-1.5723040734848202,0.9692195549712177
102.21277659707464,-2.4232421010752683,0.7033956491465462,-1.3953045687261771,0.7831330051531639
102.41280160020003,-2.3072040369106417,0.4454001014399943,-1.2651356985197475,0.5055607191120273
102.61282660332542,-2.2485511312059554,0.1352491520897386,-1.197017491728217,0.16879466949642524
102.8128516064508,-2.2541703093494263,-0.1909240226665139,-1.1989458874262133,-0.18793428860581327
103.0128766095762,-2.323456805814896,-0.4950814472379257,-1.2707525279943626,-0.5230266994127036
103.21290161270159,-2.4483774710507413,-0.7417175326227295,-1.4041162997922105,-0.7973668901589472
103.41292661582698,-2.6144011118946504,-0.9020058561255596,-1.5835264178673691,-0.9788912429996852
103.61295161895237,-2.8021882703968766,-0.9571709287293414,-1.7880857595801949,-1.0463385092386754
103.81297662207776,-2.9898440200269074,-0.9006901556408392,-1.9939448774245834,-0.9917430610111491
104.01300162520315,-3.1554713291546856,-0.7390673784845342,-2.1770831605866885,-0.8213782881739822
104.21302662832855,-3.279727141745398,-0.4910859407144684,-2.316112740462727,-0.5550380451060429
104.41305163145394,-3.3480826598402733,-0.18562678197715174,-2.3947776898046413,-0.22373813012474372
104.61307663457933,-3.352523502680259,0.14169514714581644,-2.4038562534039043,0.1338954830209665
104.81310163770472,-3.2924906087397763,0.45268435377274646,-2.342243311803579,0.4761310166310934
105.01312664083011,-3.174951235871534,0.7110236411287197,-2.2170858122607355,0.7630024486852346
105.2131516439555,-3.013590971700186,0.886517544060502,-2.0429544585587314,0.9609792941278544
105.41317664708089,-2.827220351585576,0.9586241701925234,-1.8401475363384898,1.046888560929188
105.61320165020628,-2.63758162888892,0.9188620052651817,-1.6323243545434059,1.0106297634776262
105.81322665333167,-2.466811462920508,0.771809348706897,-1.4437442630433366,0.8563645129515194
106.01325165645706,-2.334855755376661,0.534578370138251,-1.2964335855076525,0.6020403054893501
106.21327665958245,-2.257138715736791,0.234824010396645,-1.207611518645734,0.2773027699195412
106.41330166270784,-2.2427587286789663,-0.09248055631833982,-1.1876760142345155,-0.07996073060830962
106.61332666583323,-2.2934222184205506,-0.40912584183254275,-1.2389854250888048,-0.42804307822961307
106.81335166895862,-2.4032405809302433,-0.6781286879614694,-1.3555788351071856,-0.7262886013823984
107.01337667208401,-2.5594144272514714,-0.8680541014443127,-1.523868331533981,-0.9398442061468727
107.2134016752094,-2.7437256332605697,-0.956690904663616,-1.72422283057954,-1.0437348411412826
107.41342667833479,-2.934663228790265,-0.9336511071877509,-1.9332588071617103,-1.025786396025466
107.61345168146019,-3.1099349508741922,-0.8015885110624985,-2.1265705141027222,-0.8880536377315938
107.81347668458558,-3.249071057621766,-0.575893459001287,-2.281580735733341,-0.646585535560624
108.01350168771097,-3.335816106293648,-0.282898796944245,-2.3801789080881552,-0.3295547201476504
108.21352669083636,-3.360029074316014,0.04319374119899155,-2.410838169932564,0.02603082777219492
108.41355169396175,-3.318869558231331,0.36430779520140166,-2.3699636923610603,0.378649859280348
108.61357669708714,-3.217131230823812,0.6429405077114551,-2.2623144866043776,0.687118603421327
108.81360170021253,-3.0666833750457445,0.8465445949415168,-2.100449154110662,0.9154031626390063
109.01362670333792,-2.8850855929289514,0.9513320395443969,-1.903260165449397,1.0368308933870354
109.21365170646331,-2.693537439173046,0.9450545880855734,-1.693767807154283,1.0372082461185674
109.4136767095887,-2.514402553955607,0.828435921225936,-1.4964315727738764,0.9164804583099102
109.61370171271409,-2.3685965834193823,0.6150879588275608,-1.3342931596906533,0.688738936116005
109.81372671583948,-2.2731441316447376,0.32992104594981747,-1.2262849565280318,0.380575415181137
110.01375171896487,-2.239190256207561,0.006233823725000885,-1.1850185896424767,0.02797525906800681
110.21377672209026,-2.2706988422379135,-0.31817694328000573,-1.2153119312276441,-0.3278868213355085
110.41380172521565,-2.3639899161397384,-0.6054318656397147,-1.3136266624016697,-0.6454571592935028
110.61382672834104,-2.508169891858417,-0.8219936337834656,-1.468482037696244,-0.8876573150484227
110.81385173146643,-2.686404381355604,-0.9425838108433128,-1.6617963958366335,-1.0262146966029209
111.01387673459183,-2.877884719930316,-0.9531341171513238,-1.8709995159681534,-1.044963635122642
111.21390173771722,-3.0602583608044176,-0.8524275684054605,-2.0716689091199743,-0.9417313978153907
111.41392674084261,-3.2122391296625494,-0.6522380238126201,-2.2403819523396185,-0.7285890989409238
111.613951743968,-3.316092382741784,-0.37595229152003007,-2.3574506264890234,-0.43043869055611433
111.81397674709339,-3.359704838647015,-0.05583626301437386,-2.4092194585306332,-0.08210167367372702
112.01400175021878,-3.337997470808747,0.270735096862493,-2.3896584087936668,0.27574983990528207
112.21402675334417,-3.2535166440919547,0.5656431501037729,-2.3010648739886523,0.6013439648965343
112.41405175646956,-3.116134771539637,0.7944762310332617,-2.1537931625360622,0.8566865418368728
112.61407675959495,-2.9418957728981927,0.9305457273657713,-1.9650433973363481,1.0119955896303532
112.81410176272034,-2.7511404809959377,0.9579988140765846,-1.7568516433228296,1.0491750543468297
113.01412676584573,-2.566131148388471,0.8736647581091201,-1.553516254449415,0.9639226300542826
113.21415176897112,-2.408452621972776,0.6874199103701527,-1.3787611898868395,0.766226289965667
113.41417677209651,-2.296493645794003,0.4210295355101613,-1.25296755850605,0.47919240328622137
113.6142017752219,-2.2433022423232765,0.10560253611474181,-1.1907965122788111,0.13634320137437336
113.81422677834729,-2.2550653239411567,-0.22204306610847568,-1.1994807751940912,-0.22230007922420075
114.01425178147268,-2.3303896230698613,-0.5236789787188254,-1.2779838216525499,-0.554890396692619
114.21427678459807,-2.4604674406668843,-0.7641277460181168,-1.4171243711115236,-0.8226386054438048
114.41430178772347,-2.630107388683973,-0.9153654110329963,-1.6006511328020145,-0.9943375860997625
114.61432679084886,-2.8195093850992503,-0.9597872098499484,-1.8071418631689034,-1.0499990885928983
114.81435179397425,-3.0065763680817024,-0.8922558426577722,-2.0125046637706525,-0.9831795627582768
115.01437679709964,-3.1694927528811534,-0.7206941613563006,-2.1927893748015426,-0.8017245082963302
115.21440180022503,-3.2892686936384354,-0.4651540923480071,-2.3269809165647777,-0.5268455743603488
115.41442680335042,-3.351953399453272,-0.1554714494290499,-2.399448757760206,-0.19063923628652288
115.61445180647581,-3.3502595766865615,0.17221884885637445,-2.4017670474332995,0.16766242676807064
115.8144768096012,-3.2844099225232455,0.479699979394242,-2.333693544552019,0.506270719423672
116.01450181272659,-3.162107422877871,0.7311305415817302,-2.203193702095291,0.7857145132985833
116.21452681585198,-2.997633488437661,0.8972220936155719,-2.025507732491168,0.9734410472364672
116.41455181897737,-2.8101796260815495,0.9586500469210961,-1.8213700428320807,1.0476071387671497
116.61457682210276,-2.6216076282482703,0.9083008334231146,-1.6145891733588793,0.99961942401511
116.81460182522815,-2.4538997423184727,0.7520941736292835,-1.4292707680310126,0.8351283661584852
117.01462682835354,-2.326596255355957,0.5082856666119808,-1.2870075357451463,0.5733613506317081
117.21465183147893,-2.254519158097537,0.2053320428317818,-1.2043637422963913,0.24487377925606515
117.41467683460432,-2.246047001559846,-0.12143110768933746,-1.19094721224893,-0.11201858928496422
117.61470183772971,-2.3021416767904523,-0.4339111666399072,-1.248293183244901,-0.45570938020393015
117.81472684085512,-2.4162400234962274,-0.695698988388784,-1.3696895215976481,-0.7461519038574786
118.0147518439805,-2.5750223764912485,-0.8763105006978531,-1.5409630840184834,-0.9495246558859879
118.2147768471059,-2.759967959230152,-0.9547353721696639,-1.7421349929348091,-1.0421685923742583
118.41480185023129,-2.9495154380154944,-0.9218797749998549,-1.9497514413496,-1.0133379730802905
118.61482685335667,-3.121576546204516,-0.7816194705142055,-2.1396180493615677,-0.8664451912153683
118.81485185648206,-3.2561097686098215,-0.5503414567354229,-2.2896190175080644,-0.618655596448895
119.01487685960745,-3.3374542470701978,-0.2550285327254735,-2.3822926313058677,-0.29888058673481505
119.21490186273284,-3.3561521846409117,0.0698891998311226,-2.40686326123566,0.05559624235116359
119.41492686585823,-3.3100477894209153,0.38654844186004206,-2.360493516596627,0.4034660896868059
119.61495186898362,-3.2045351691509416,0.6580644541591,-2.248611164880232,0.7042082919997653
119.81497687210901,-3.0519267490270594,0.8528264937655579,-2.084273237280846,0.9228092449394202
120.0150018752344,-2.8700162461860113,0.9481768329911996,-1.8866419131116359,1.0338374931930672
120.2150268783598,-2.6800039530137765,0.9330453672378315,-1.678750127711098,1.024400916348283
120.41505188148518,-2.5040262299843525,0.8092336608995945,-1.4848174376777301,0.8956423684044089
120.61507688461057,-2.3625770641712025,0.5911996193262363,-1.327428899067084,0.6626004043040518
120.81510188773596,-2.272121971507516,0.3043686816080427,-1.224905502612512,0.35245223029580897
121.01512689086135,-2.243181960166055,-0.017831153995209733,-1.1891722203263897,0.0013442202961809827
121.21515189398676,-2.2791104153363815,-0.33786471112083394,-1.2243716375361435,-0.3498203606127119
121.41517689711215,-2.375705040852528,-0.6184615679347146,-1.3263842802593357,-0.6601456341651002
121.61520190023754,-2.5216996594963406,-0.826955413744695,-1.4833110620549226,-0.8935045644407943
121.81522690336293,-2.700078296325098,-0.939085782993025,-1.6768613246470894,-1.0227434206625312
122.01525190648832,-2.8900582609222267,-0.9418198964386921,-1.884484542715007,-1.032840131866797
122.2152769096137,-3.0695111508214326,-0.8348665087408047,-2.081997288758018,-0.9226493101644616
122.4153019127391,-3.217539789161188,-0.630706098706218,-2.246399478313084,-0.7050314362023763
122.61532691586449,-3.3169110972634717,-0.3531343708462252,-2.35855203899891,-0.4053517133195746
122.81535191898988,-3.3560617452046926,-0.03448905254773366,-2.405404359663202,-0.058523825200748204
123.01537692211527,-3.330443227868618,0.28811686193431535,-2.381512366115981,0.2950569069271451
123.21540192524066,-3.2430499875224585,0.5771167493257857,-2.289670731960665,0.6142173445020409
123.41542692836605,-3.1040693026295165,0.7988638081950813,-2.140585853454074,0.8617997777744969
123.61545193149144,-2.9296938761769464,0.9275473172452152,-1.9516278560610145,1.0089867461831339
123.81547693461683,-2.740235521802668,0.9481960229519264,-1.7448071020059113,1.0386542290244705
124.01550193774221,-2.5577596387720156,0.8584193158480242,-1.5442108683046736,0.9473631884894729
124.2155269408676,-2.403515888802476,0.6686837821932569,-1.3731986340501474,0.7457579481874563
124.415551943993,-2.295464177095896,0.4010931267013483,-1.251682474682738,0.457325249714304
124.6155769471184,-2.246183902607859,0.08681370104203918,-1.1938091061128902,0.11565867542040625
124.81560195024379,-2.2614097947600937,-0.23755461185090238,-1.2063133298953774,-0.23945305451766194
125.01562695336918,-2.33936470288387,-0.5342397000010846,-1.2877344631655507,-0.5666585660511256
125.21565195649457,-2.4709669770437372,-0.7686947135648018,-1.4285869292649171,-0.8278579104700149
125.41567695961996,-2.6408882171067094,-0.913619915503772,-1.6124650592122127,-0.992637938597461
125.61570196274535,-2.829338251287792,-0.9521408141411977,-1.817953488869851,-1.0418127834158255
125.81572696587074,-3.014369541426462,-0.879772689976204,-2.0211207529636446,-0.9696574061486716
126.01575196899613,-3.1744327622477377,-0.7049427887136781,-2.198305808924695,-0.784574169749914
126.21577697212152,-3.2908860425240256,-0.44800942277304073,-2.3288731016696254,-0.508114882128148
126.41580197524691,-3.3501657667828972,-0.13889204821627815,-2.39761546220092,-0.17247202031649936
126.6158269783723,-3.345366195217025,0.18641190738846658,-2.39652508444762,0.18326894553869524
126.81585198149769,-3.2770439478087203,0.490018090324283,-2.3257263499954735,0.5176799881061909
127.01587698462308,-3.153153650007257,0.7365663136108817,-2.1934618551533154,0.7918140811489254
127.21590198774847,-2.9881221396812934,0.8973382329321532,-2.0151331650250763,0.9737404253447856
127.41592699087386,-2.801168921578031,0.9536021749338432,-1.8115078608302262,1.042263315112046
127.61595199399925,-2.614068345830772,0.8987955834469988,-1.6063015455510206,0.9893915686428749
127.81597699712464,-2.4486140023286094,0.7392908134488507,-1.423416261078935,0.821270830146602
128.01600200025004,-2.3240805271063425,0.4936548560939451,-1.2841568094204392,0.55746991766687
128.21602700337542,-2.2549783953811544,0.19048886475987883,-1.2047491279338833,0.2287039478285076
128.41605200650082,-2.249363207067877,-0.1349012026260717,-1.19444975160234,-0.12674093204578832
128.6160770096262,-2.3078964573697944,-0.44461540937300637,-1.2544666287945059,-0.46746519951762777
128.8161020127516,-2.423767317970706,-0.7025736175998432,-1.3778171267320287,-0.753777136162741
129.01612701587698,-2.583484747394663,-0.8787182696535605,-1.5501399951741615,-0.9523161675085883
129.21615201900238,-2.7684478321449237,-0.9525166639330684,-1.7513668990472446,-1.0399398890199725
129.41617702212775,-2.957111654916807,-0.915354650510555,-1.9580590585541462,-1.0064218906174494
129.61620202525316,-3.1274965576596636,-0.7715426643832974,-2.146136998252564,-0.8556458543738941
129.81622702837856,-3.2597485991113566,-0.5378164672223643,-2.2936855426351546,-0.6051563465528649
130.01625203150394,-3.3384529568483394,-0.24139038538349405,-2.383507333543178,-0.2841182168875416
130.21627703462934,-3.3544307279955285,0.08321066049598107,-2.4051273558033492,0.07007822972730708
130.41630203775472,-3.3058096692499976,0.39817166356199596,-2.3560148040903814,0.41617124726777294
130.61632704088012,-3.198243917177571,0.6667924622962247,-2.2418797056080497,0.7138339295907529
130.8163520440055,-3.0442568788241293,0.8577640253696647,-2.0760095054097025,0.9283729608956797
131.0163770471309,-2.8617835865380092,0.9488178519538039,-1.8777226109354455,1.0347723931572812
131.21640205025628,-2.6720821157879397,0.929323063670724,-1.6701188098123105,1.0206110668931447
131.41642705338168,-2.4972572502094,0.8015282257583206,-1.4773884770584855,0.8875133584753888
131.61645205650706,-2.357684830154271,0.5803027640525044,-1.321993975924461,0.6509637309527961
131.81647705963246,-2.2696368789602666,0.2914075943319579,-1.2220516435179742,0.3385061236695857
132.01650206275784,-2.2433843321246503,-0.0315040335902553,-1.1892195203385336,-0.013462581473591098
132.21652706588324,-2.2819986121662383,-0.3508063601842233,-1.2273371325006859,-0.363931789487411
132.41655206900862,-2.3809919251283884,-0.6292851100671624,-1.3319760783670178,-0.6720554446283427
132.61657707213402,-2.528838453616058,-0.8344748835658427,-1.4909540775998258,-0.901912617378918
132.8166020752594,-2.708315994434954,-0.9424443719406967,-1.6857528982228411,-1.0266955378369358
133.0166270783848,-2.8985118860664065,-0.940588025050982,-1.8936751443843713,-1.0318367423907764
133.2166520815102,-3.077259636627227,-0.8290984296635926,-2.090488761424212,-0.9167104573136156
133.41667708463558,-3.2237223653532623,-0.6209473362008512,-2.2532511616711957,-0.6947094167070765
133.61670208776098,-3.3208219483664023,-0.3403769900445431,-2.36298381688228,-0.3916875411637072
133.81672709088636,-3.357230659517396,-0.020077213350658967,-2.4068854958248482,-0.04294954041531921
134.01675209401176,-3.3286930047416603,0.30262314447163835,-2.3798260029229885,0.3108621460542952
134.21677709713714,-3.238523459245238,0.5901066919830192,-2.2849460671264925,0.6285039189061947
134.41680210026254,-3.0972218196441323,0.8088528688394767,-2.1332931552102874,0.872939067675243
134.61682710338792,-2.9212507964731094,0.9333469208307057,-1.942535422663681,1.015656740109786
134.81685210651332,-2.731118110186106,0.9490565764143938,-1.7349034542222044,1.0399981199922634
135.0168771096387,-2.5489865092655086,0.8541290479717788,-1.534599551523037,0.9431016554118821
135.2169021127641,-2.396090251647417,0.6596100909272353,-1.3649764959229067,0.7362400833696359
135.41692711588948,-2.290259230470385,0.3881591710193345,-1.2458146761867461,0.4435094979115247
135.61695211901488,-2.2438394505398183,0.07141011401711653,-1.1910150870126297,0.09902282653110468
135.81697712214026,-2.262252451785198,-0.2537153797903018,-1.2069773304327707,-0.25706545757522126
136.01700212526566,-2.343361811558964,-0.5493117160148432,-1.2918519239465527,-0.583240102183669
136.21702712839104,-2.47772078674871,-0.7809091388656867,-1.4357543141206346,-0.8414656623721346
136.41705213151644,-2.6496724237661478,-0.921493834897652,-1.6219158692539222,-1.0016224530135334
136.61707713464185,-2.8391740604230837,-0.9546594452529308,-1.8286378668039802,-1.0450203956466029
136.81710213776722,-3.024133586162921,-0.8765222561452901,-2.0318207585042924,-0.9665807497813772
137.01712714089263,-3.1829851340865956,-0.6961764156996174,-2.2077738934696187,-0.7754309577878299
137.217152144018,-3.29720388364252,-0.43463577271575315,-2.335978091983141,-0.49384287728602927
137.4171771471434,-3.3534666668740076,-0.12238538150921768,-2.401478865156485,-0.15463782275344493
137.61720215026878,-3.3452063490472517,0.20417197562256337,-2.396631115533767,0.20263917659047906
137.81722715339419,-3.273378594077039,0.5069600486216852,-2.321991720142821,0.5363299758914989
138.01725215651956,-3.146351462998316,0.7506692632363381,-2.1862557551167834,0.807521156655222
138.21727715964496,-2.978930553356798,0.9068748837822548,-2.005243612383834,0.9845825296215885
138.41730216277034,-2.7906332804262064,0.9573528254450703,-1.8000570322279552,1.0468568922617527
138.61732716589574,-2.603413435098509,0.8962062487865369,-1.594618963655276,0.9870705412756369
138.81735216902112,-2.439101328166106,0.7305547113844955,-1.4128840961729783,0.8121831755269143
139.01737717214652,-2.3168580490474455,0.4797052871776101,-1.276045369170431,0.5425778243164039
139.2174021752719,-2.250940746590375,0.17290217829783616,-1.2000622642430439,0.20968511311137117
139.4174271783973,-2.2490395932551617,-0.15408288382844407,-1.19379918713232,-0.14768123534732183
139.61745218152268,-2.311380465344451,-0.4631218830195887,-1.2579911428314952,-0.4878503798093497
139.81747718464808,-2.430698056716659,-0.7181769247171629,-1.3851574095678254,-0.7711539599415843
140.0175021877735,-2.5930826259674165,-0.8895032106077673,-1.5604733522261678,-0.9645525251569858
140.21752719089886,-2.7796016878904872,-0.9571183475613035,-1.763498769490357,-1.0454891603027145
140.41755219402427,-2.9685075729094343,-0.9131332517826023,-1.9705612646786002,-1.0045207282251902
140.61757719714964,-3.1377733976454847,-0.76267273914988,-2.1575166770591943,-0.8464197786820268
140.81760220027505,-3.2676617048596115,-0.523278356954056,-2.302564652369581,-0.589618519989657
141.01762720340042,-3.343026204692467,-0.22286306149131976,-2.3887909819307134,-0.26405965395136904
141.21765220652583,-3.355078140873871,0.10354377433495657,-2.406140167149035,0.09229533581584298
141.4176772096512,-3.302411284138208,0.4178813434480052,-2.3525881597566984,0.4378931436005189
141.6177022127766,-3.1911659950487388,0.6834959679788185,-2.234378485160121,0.7324345505646951
141.81772721590198,-3.03431322881127,0.8694155670221158,-2.0652942171041193,0.9415740877795676
142.0177522190274,-2.8501419596045445,0.9539614605399389,-1.8650506822626947,1.040925283047838
142.21777722215276,-2.660126475580157,0.9272763064559465,-1.656996399984244,1.0189043956685384
142.41780222527817,-2.486422249260666,0.792473364698878,-1.465390365044047,0.8780809993856248
142.61782722840354,-2.349282428761854,0.5652730996893692,-1.3125732166503448,0.634877947543826
142.81785223152895,-2.2646962490500626,0.27216955185398195,-1.21636220826911,0.3176557666955704
143.01787723465432,-2.242524747032781,-0.05265956022056369,-1.1879737550407419,-0.036594983129082305
143.21790223777973,-2.2853511563325366,-0.3713386130760444,-1.2307157937941797,-0.3865675819787945
143.41792724090513,-2.3881800148618737,-0.6467108469966827,-1.3396024172357786,-0.6914560992833585
143.6179522440305,-2.5390200143502435,-0.8466710048909074,-1.5019356568409623,-0.9157136100533431
143.8179772471559,-2.720282555748788,-0.947908605765927,-1.6987864940895643,-1.0331968047091584
144.01800225028128,-2.910832874069973,-0.9386254022963175,-1.9072023396637292,-1.0302137393177488
144.2180272534067,-3.0884545117397693,-0.8199101970940965,-2.1028835188457373,-0.9071193861001741
144.41805225653206,-3.2324397191444665,-0.6056108659503059,-2.263016609308805,-0.6782731065425546
144.61807725965747,-3.3260037325792546,-0.32071866694815504,-2.3689342487036007,-0.37036317980486716
144.81810226278284,-3.358241449014627,0.0015465996306900515,-2.408291300269213,-0.01929394458388255
145.01812726590825,-3.325398374300439,0.3236105757344526,-2.3765036599646137,0.33400133103749413
145.21815226903362,-3.231307753480192,0.6079256076666598,-2.277282049223723,0.6483334456668461
145.41817727215903,-3.0869429988022343,0.8213484029883428,-2.1221986474406003,0.8870595542789992
145.6182022752844,-2.9091377080599274,0.9390036799901664,-1.9293372137595928,1.0223548302731633
145.8182272784098,-2.7186225825533232,0.9471833642996076,-1.7211841676258135,1.0384554795258158
146.01825228153518,-2.5376082343104174,0.8449434920411348,-1.522006637537102,0.9334951916761736
146.2182772846606,-2.3871957259029437,0.6442128100285529,-1.3550232018276145,0.7197211076913881
146.41830228778596,-2.2849167549321128,0.36840063285349056,-1.2396971977017748,0.42206437069278036
146.61832729091137,-2.242690249288673,0.04966645964871413,-1.1894681493739487,0.07523213770889242
146.81835229403677,-2.2654335202274485,-0.2748300925386829,-1.2101857086322483,-0.28033965226844687
147.01837729716215,-2.3504897924127746,-0.5672617414394693,-1.299428577845556,-0.6032007918311223
147.21840230028755,-2.4879387432882045,-0.793543224486006,-1.4467876977459402,-0.8557188888619833
147.41842730341293,-2.6617537240935434,-0.9273041365838837,-1.635080546051726,-1.0084656894525097
147.61845230653833,-2.8516706337300195,-0.9529618900052469,-1.8423548477941032,-1.0436464109169823
147.8184773096637,-3.0355505046111846,-0.8675367418215567,-2.0444480252858863,-0.957172501082625
148.0185023127891,-3.191960333464893,-0.680997489138793,-2.2178039618307532,-0.7591363985384164
148.21852731591449,-3.302671282317912,-0.415097804581712,-2.342218694257646,-0.47263325105220994
148.4185523190399,-3.354783075283007,-0.1008390937673555,-2.4031950104385658,-0.13106720778540085
148.61857732216527,-3.3422270350176713,0.22514418087124757,-2.3936315676923408,0.22574349197679675
148.81860232529067,-3.266472633159327,0.5248552339457703,-2.314649723256876,0.5562084712145565
149.01862732841604,-3.136355343939419,0.763363839337256,-2.1754618611298153,0.8218130102566632
149.21865233154145,-2.967045981663271,0.9128771600677219,-1.9922966927491217,0.9916066521556112
149.41867733466682,-2.7782817753867985,0.9559781425019781,-1.7865069334073485,1.045809545987017
149.61870233779223,-2.5920654384626225,0.8876541317882449,-1.5820800061444744,0.9781163088888861
